original_title,0
Addicted,0
The Dragonphoenix Chronicles: Indomitable,1
The Double,2
The Outsider,3
Paranormal Activity: The Marked Ones,4
Yves Saint Laurent,5
Ride Along,6
Jack Ryan: Shadow Recruit,7
Divergent,8
Reasonable Doubt,9
Saint Laurent,10
Devil's Due,11
Decoding Annie Parker,12
Justice League: War,13
"I, Frankenstein",14
Better Living Through Chemistry,15
Tom à la ferme,16
Flowers in the Attic,17
Asier ETA biok,18
The Monuments Men,19
The Lego Movie,20
RoboCop,21
Sabotage,22
The Zero Theorem,23
Endless Love,24
Winter's Tale,25
Joe,26
About Last Night,27
The Grand Budapest Hotel,28
白日焰火,29
Jailbait,30
That Awkward Moment,31
Interstellar,32
The Gabby Douglas Story,33
3 Days to Kill,34
Non-Stop,35
300: Rise of an Empire,36
Threads of Destiny,37
The Bag Man,38
Obvious Child,39
Bad Country,40
Mr. Peabody & Sherman,41
Under the Skin,42
Need for Speed,43
Barefoot,44
Veronica Mars,45
Son of God,46
Ocho apellidos vascos,47
Captain America: The Winter Soldier,48
Noah,49
The Nut Job,50
アベンジャーズ コンフィデンシャル：ブラック・ウィドウ ＆ パニッシャー,51
Takedown: The DNA of GSP,52
Diplomatie,53
The Legend of Hercules,54
Muppets Most Wanted,55
L'image manquante,56
The Quiet Ones,57
Draft Day,58
The Raid 2: Berandal,59
The Amazing Spider-Man 2,60
Son of Batman,61
Calvary,62
God's Not Dead,63
Cold in July,64
La Belle et la Bête,65
Rio 2,66
An Honest Liar,67
In Your Eyes,68
Bears,69
Transcendence,70
Heaven is for Real,71
The Other Woman,72
A Haunted House 2,73
Vampire Academy,74
Brick Mansions,75
Locke,76
Tokarev,77
Pompeii,78
Neighbors,79
20 Ft Below: The Darkness Descending,80
Good People,81
Moms' Night Out,82
Lucy,83
X-Men: Days of Future Past,84
Godzilla,85
Walk of Shame,86
Blue Ruin,87
Palo Alto,88
Chef,89
Rosemary's Baby,90
10.000 KM,91
The Normal Heart,92
Afflicted,93
Turks & Caicos,94
Salting the Battlefield,95
Blended,96
Kelly & Cal,97
A Brony Tale,98
Maleficent,99
The Two Faces of January,100
Zombeavers,101
A Million Ways to Die in the West,102
Edge of Tomorrow,103
Qu'est-ce qu'on a fait au Bon Dieu,104
Tracks,105
Mission: Impossible - Rogue Nation,106
Million Dollar Arm,107
E zhan,108
Bad Ass 2: Bad Asses,109
Flight 7500,110
Lilting,111
The Fault in Our Stars,112
The Grand Seduction,113
Maps to the Stars,114
Back in the Day,115
22 Jump Street,116
The Equalizer,117
How to Train Your Dragon 2,118
Birdman,119
归来,120
Boyhood,121
Jersey Boys,122
The Internet's Own Boy: The Story of Aaron Swartz,123
Transformers: Age of Extinction,124
Jack Strong,125
Perfect Sisters,126
Frank,127
Planes: Fire & Rescue,128
Mrs. Brown's Boys D'Movie,129
The Babadook,130
Fehér Isten,131
Whiplash,132
Gone Girl,133
The Angriest Man in Brooklyn,134
Dawn of the Planet of the Apes,135
Gun Woman,136
Bullet,137
Deliver Us from Evil,138
And So It Goes,139
Sex Tape,140
I Origins,141
The Purge: Anarchy,142
Guardians of the Galaxy,143
The Signal,144
The Expendables 3,145
Ek Villain,146
Hercules,147
Monty Python Live (Mostly),148
Hide Your Smiling Faces,149
A Most Wanted Man,150
Wish I Was Here,151
Hellion,152
Earth to Echo,153
Maidentrip,154
Step Up All In,155
Video Games: The Movie,156
Sharktopus vs Pteracuda,157
Felony,158
The Rover,159
Slaying the Badger,160
Get on Up,161
Magic in the Moonlight,162
Kraftidioten,163
Housebound,164
The Hundred-Foot Journey,165
Batman: Assault on Arkham,166
Efes Beyahasei Enosh,167
Jupiter Ascending,168
Teenage Mutant Ninja Turtles,169
Muerte en Buenos Aires,170
Rob the Mob,171
The Reckoning,172
The Giver,173
The Pretty One,174
Let's Be Cops,175
Antboy II: Den røde furies hævn,176
Appleseed Alpha,177
Bad Johnson,178
The Inbetweeners 2,179
Age of Tomorrow,180
Sin City: A Dame to Kill For,181
Authors Anonymous,182
If I Stay,183
The Canal,184
Night Moves,185
Welcome to New York,186
"Deux jours, une nuit",187
Cantinflas,188
The Pyramid,189
Exists,190
"As Above, So Below",191
The One I Love,192
El niño,193
The Guest,194
Leprechaun: Origins,195
To Be Takei,196
Angry Video Game Nerd: The Movie,197
Before I Go to Sleep,198
Atlas Shrugged Part III: Who is John Galt?,199
Pride,200
Into the Storm,201
The Calling,202
Honeymoon,203
The Drop,204
"20,000 Days on Earth",205
The Skeleton Twins,206
聖闘士星矢 LEGEND of SANCTUARY,207
The Maze Runner,208
No Good Deed,209
Camp X-Ray,210
Sharknado 2: The Second One,211
The Riot Club,212
A Walk Among the Tombstones,213
The Galapagos Affair: Satan Came to Eden,214
My Old Lady,215
The Other One,216
Affluenza,217
Laggies,218
God Help the Girl,219
What We Did on Our Holiday,220
Dead Within,221
Turist,222
The Homesman,223
The November Man,224
White Bird in a Blizzard,225
"Electric Boogaloo: The Wild, Untold Story of Cannon Films",226
Not Cool,227
Who Am I - Kein System ist sicher,228
The Boxtrolls,229
This Is Where I Leave You,230
The Look of Silence,231
Cabin Fever: Patient Zero,232
American Sniper,233
Fort Bliss,234
Tusk,235
Hector and the Search for Happiness,236
The Overnighters,237
Плем'я,238
Space Station 76,239
Annabelle,240
Open Windows,241
Happy Christmas,242
Two Night Stand,243
Dracula Untold,244
Autómata,245
The Prince,246
The Captive,247
The Scribbler,248
Predestination,249
Muumit Rivieralla,250
Jackass Presents: Bad Grandpa .5,251
What We Do in the Shadows,252
The Dark Horse,253
სიმინდის კუნძული,254
The Best of Me,255
John Wick,256
Reclaim,257
The Judge,258
The Disappearance of Eleanor Rigby: Them,259
Love Is Strange,260
Recipe for Love,261
Fury,262
The Salvation,263
Grace of Monaco,264
St. Vincent,265
Young Ones,266
Land Ho!,267
Sleeping Beauty,268
Stage Fright,269
"Alexander and the Terrible, Horrible, No Good, Very Bad Day",270
Left Behind,271
Blind,272
Hin und Weg,273
Extraterrestrial,274
The Rewrite,275
Alien Abduction,276
Ouija,277
Nightcrawler,278
Child of God,279
Big Hero 6,280
La isla mínima,281
The Book of Life,282
"Love, Rosie",283
Hard Sun,284
"Like Sunday, Like Rain",285
Time Lapse,286
Ex Machina,287
He ovat paenneet,288
Before I Disappear,289
Mr. Turner,290
Serial Killer Culture,291
These Final Hours,292
Haider,293
"Kumiko, the Treasure Hunter",294
Northern Soul,295
Olive Kitteridge,296
Foxcatcher,297
Catch Hell,298
Stonehearst Asylum,299
Life Partners,300
Anatomy of a Love Seen,301
52 Tuesdays,302
Død Snø 2,303
"Fat, Sick & Nearly Dead 2",304
Serena,305
The Imitation Game,306
Inherent Vice,307
Im Labyrinth des Schweigens,308
Rudderless,309
The Hunger Games: Mockingjay - Part 1,310
Gett,311
Rosewater,312
Valley Uprising,313
A Good Marriage,314
Hoje Eu Quero Voltar Sozinho,315
Exodus: Gods and Kings,316
Trash,317
Relatos salvajes,318
Ambition,319
Fed Up,320
Dumb and Dumber To,321
The Longest Week,322
Tales of the Grim Sleeper,323
The Yes Men Are Revolting,324
Miss Meadows,325
Une rencontre,326
October Gale,327
BFFs,328
The Theory of Everything,329
Amira & Sam,330
Dolphin Tale 2,331
When the Game Stands Tall,332
ABCs of Death 2,333
Une nouvelle amie,334
Tu veux... ou tu veux pas?,335
V/H/S: Viral,336
Starry Eyes,337
思い出のマーニー,338
ルパン三世,339
西遊記之大鬧天宮,340
Song of the Sea,341
楽園追放,342
魔女の宅急便,343
Beyond the Lights,344
In the Heart of the Sea,345
冰封俠: 重生之門,346
Hello Ladies: The Movie,347
Listen Up Philip,348
Jurassic World,349
Citizenfour,350
Astérix: Le domaine des dieux,351
The Taking of Deborah Logan,352
Hit by Lightning,353
Horrible Bosses 2,354
Penguins of Madagascar,355
Black or White,356
'71,357
The Water Diviner,358
Still Alice,359
Grumpy Cat's Worst Christmas Ever,360
Paddington,361
Jessabelle,362
Maze Runner: The Scorch Trials,363
Beautiful Girl,364
Showrunners: The Art of Running a TV Show,365
Kajaki,366
The Voices,367
Grace,368
Manny,369
Clouds of Sils Maria,370
Dying of the Light,371
WolfCop,372
By the Gun,373
Kill the Messenger,374
Jarhead 2: Field of Fire,375
The Mule,376
Jingle All the Way 2,377
The Hobbit: The Battle of the Five Armies,378
Selma,379
Unbroken,380
Black Sea,381
The Good Lie,382
एक्शन जैकसन,383
I Am Santa Claus,384
Lap Dance,385
Playing It Cool,386
Marvellous,387
Free the Nipple,388
A Girl Walks Home Alone at Night,389
1987,390
Mommy,391
A Most Violent Year,392
Wild,393
Top Five,394
Bill Burr: I'm Sorry You Feel That Way,395
Amour fou,396
Redirected,397
Big Eyes,398
Into the Woods,399
"Men, Women & Children",400
キラーズ,401
Ascension,402
The Interview,403
Kingsman: The Secret Service,404
Night at the Museum: Secret of the Tomb,405
Walking on Sunshine,406
Quatsch und die Nasenbärbande,407
Lemon Tree Passage,408
Seventh Son,409
Common,410
Let's Kill Ward's Wife,411
A Merry Friggin' Christmas,412
Ask Me Anything,413
Mielensäpahoittaja,414
Kesäkaverit,415
Ruotsalainen hetki,416
Annie,417
PK,418
Finders Keepers,419
Bird People,420
수상한 그녀,421
Comet,422
Chappie,423
Toy Story That Time Forgot,424
Le sel de la terre,425
白ゆき姫殺人事件,426
Taken 3,427
Blackhat,428
Beck 27 - Rum 302,429
"Eila, Rampe ja Likka",430
Son of a Gun,431
Terminator Genisys,432
The Woman in Black 2: Angel of Death,433
하이힐,434
Lullaby,435
Korengal,436
"Pancho, el perro millonario",437
All Relative,438
Viy,439
Houdini,440
The Color of Rain,441
白发魔女传之明月天国,442
The Duke of Burgundy,443
Red Army,444
I Am Ali,445
Supermensch: The Legend of Shep Gordon,446
It Follows,447
The Anomaly,448
Adieu au langage,449
Happy New Year,450
Lizzie Borden Took An Ax,451
At the Devil's Door,452
Beck 28 - Familjen,453
Ping Pong Summer,454
JLA Adventures: Trapped in Time,455
Joy Ride 3,456
Torrente 5: Operación Eurovegas,457
Mad Max: Fury Road,458
Insidious: Chapter 3,459
Star Wars: The Force Awakens,460
Ben-Hur,461
Warcraft,462
Avengers: Age of Ultron,463
Avatar 2,464
Pirates of the Caribbean: Dead Men Tell No Tales,465
Justice League,466
Ant-Man,467
Fantastic Four,468
Deadpool,469
Thor: Ragnarok,470
Guardians of the Galaxy Vol. 2,471
Captain America: Civil War,472
Doctor Strange,473
X-Men: Apocalypse,474
Elsa & Fred,475
The Identical,476
Les Combattants,477
Ironclad 2: Battle for Blood,478
The Hornet's Nest,479
Nas: Time Is Illmatic,480
Cake,481
Squatters,482
Voodoo Possession,483
Delirium,484
The Gambler,485
Dinosaur 13,486
Loitering with Intent,487
Justice League: Throne of Atlantis,488
Richard Pryor: Omit the Logic,489
Against the Sun,490
Night Will Fall,491
We Still Kill the Old Way,492
Low Down,493
Ned Rifle,494
Mortdecai,495
Fifty Shades of Grey,496
Belle comme la femme d'un autre,497
Latitudes,498
Le Dernier diamant,499
Deliverance Creek,500
Wolves,501
We'll Never Have Paris,502
American Heist,503
Miraculum,504
Strange Magic,505
The DUFF,506
Age of Ice,507
The Remaining,508
Everly,509
Zodiac,510
Atomski zdesna,511
The Little Death,512
Más negro que la noche,513
La chambre bleue,514
Monsterimies,515
Suburban Gothic,516
Project Almanac,517
Louis C.K.: Live at The Comedy Store,518
Brooklyn,519
Digging for Fire,520
Don Verdean,521
Experimenter,522
I Am Michael,523
Last Days in the Desert,524
I'll See You in My Dreams,525
Mississippi Grind,526
Mistress America,527
Zipper,528
A Walk in the Woods,529
True Story,530
Sleeping with Other People,531
The Hunting Ground,532
Fresh Dressed,533
Going Clear: Scientology and the Prison of Belief,534
Prophet's Prey,535
Tig,536
"What Happened, Miss Simone?",537
99 Homes,538
Aloft,539
Eden,540
Bande de filles,541
The Bronze,542
The D Train,543
The Diary of a Teenage Girl,544
Dope,545
Me and Earl and the Dying Girl,546
Results,547
Z for Zachariah,548
Kreuzweg,549
Skumringslandet,550
Zwischen Welten,551
Im Keller,552
En duva satt på en gren och funderade på tillvaron,553
Miss Julie,554
The Forbidden Room,555
Alien Outpost,556
The Loft,557
[REC] 4: Apocalipsis,558
Vice,559
Fotograf,560
Lost River,561
Fear Clinic,562
Party Girl,563
Wir sind jung. Wir sind stark.,564
Reach Me,565
Min så kallade pappa,566
Jim Jefferies: BARE,567
Super Duper Alice Cooper,568
The Hateful Eight,569
郊遊,570
La petite reine,571
Little Accidents,572
Wild Card,573
Ækte vare,574
Paper Towns,575
Le meraviglie,576
The Wedding Ringer,577
My Mistress,578
Wyrmwood: Road Of The Dead,579
Hits,580
The Boy Next Door,581
Knight of Cups,582
45 Years,583
Ciało,584
Nadie quiere la noche,585
Victoria,586
Petting Zoo,587
Home Sweet Hell,588
Jamie Marks Is Dead,589
Timbuktu,590
Viikossa aikuiseksi,591
Das finstere Tal,592
Two Men in Town,593
The Last Five Years,594
Crimson Peak,595
As Dreamers Do,596
Dragonheart 3: The Sorcerer's Curse,597
Chaar Sahibzaade,598
Kurmanjan Datka. Queen of the Mountains,599
Tom Segura: Completely Normal,600
Hot Tub Time Machine 2,601
Perez.,602
Mot Naturen,603
Superfast!,604
Effie Gray,605
Julia,606
한공주,607
Focus,608
Merchants of Doubt,609
The SpongeBob Movie: Sponge Out of Water,610
Demonic,611
The Second Best Exotic Marigold Hotel,612
Tracers,613
"McFarland, USA",614
狼图腾,615
The Lazarus Effect,616
Unfinished Business,617
Bogowie,618
La French,619
Whitey: United States of America v. James J. Bulger,620
Spare Parts,621
LEGO DC Comics Super Heroes: Justice League vs. Bizarro League,622
Tom and Jerry: The Lost Dragon,623
Falcon Rising,624
To Write Love on Her Arms,625
El escarabajo de oro,626
Run All Night,627
Asthma,628
STAND BY ME ドラえもん,629
Late Phases,630
Digging Up the Marrow,631
Clown,632
Road Hard,633
Mamula,634
Cinderella,635
Frozen Fever,636
Avis de mistral,637
The Cobbler,638
Crazy Beautiful You,639
Take Care,640
Drevo,641
Pot v raj,642
India's Daughter,643
Poltergeist,644
Pan,645
While We're Young,646
The Boy,647
Filip & Fredrik presenterar Trevligt folk,648
Cirkeln,649
Suite Française,650
The Infinite Man,651
Insurgent,652
Big Game,653
Hippocrate,654
Home,655
Flying Home,656
Something Wicked,657
Midnight Special,658
The Gunman,659
The Disappearance of Eleanor Rigby: Her,660
The Disappearance of Eleanor Rigby: Him,661
Escobar: Paradise Lost,662
Baby,663
Jongens,664
Praia do Futuro,665
Furious 7,666
Unfriended,667
Backcountry,668
Muck,669
We Are Still Here,670
The Final Girls,671
Power/Rangers,672
Petals on the Wind,673
Child 44,674
A Little Chaos,675
Get Hard,676
That Sugar Film,677
Growing Up and Other Lies,678
Phoenix,679
En chance til,680
Dead Rising,681
해적: 바다로 간 산적,682
Innocence,683
一個人的武林,684
Kill Me Three Times,685
るろうに剣心　伝説の最期編,686
るろうに剣心 京都大火編,687
The Atticus Institute,688
黄飞鸿之英雄有梦,689
Kristy,690
大茶飯,691
Preservation,692
Altar,693
Poker Night,694
That Burning Feeling,695
太秦 ライム ライト,696
The Humbling,697
Apartment Troubles,698
Shaun the Sheep Movie,699
Infinitely Polar Bear,700
Last Knights,701
The Jinx: The Life and Deaths of Robert Durst,702
Matt Shepard Is a Friend of Mine,703
Batman vs. Robin,704
Woman in Gold,705
Белые ночи почтальона Алексея Тряпицына,706
Echoes,707
Iliza Shlesinger: Freezing Hot,708
Doug Benson: Doug Dynasty,709
Cut Bank,710
Killing Jesus,711
The Road Within,712
Tomorrowland,713
The Forger,714
Loin des hommes,715
Good Kill,716
Faults,717
Welp,718
The Barber,719
PMMP - Tässä elämä on,720
Buzzard,721
Paul Blart: Mall Cop 2,722
The Reconstruction of William Zero,723
Toxin,724
Adult Beginners,725
Parts Per Billion,726
Alléluia,727
"Rico, Oskar und die Tieferschatten",728
About a Girl,729
Seve,730
Respire,731
I Am Soldier,732
Survivor,733
NH10,734
Белка и Стрелка: Лунные приключения,735
Outcast,736
명량,737
The Longest Ride,738
Man from Reno,739
Beyond the Reach,740
Atari: Game Over,741
Sword of Vengeance,742
The Age of Adaline,743
Gutshot Straight,744
Lovesick,745
The Sheik,746
Danny Collins,747
Halo: Nightfall,748
Buscando a Gastón,749
Grandma,750
Mea Culpa,751
Comedy Central Roast of Justin Bieber,752
50 to 1,753
Risttuules,754
Walking with the Dead,755
Kite,756
Peter Pan Live!,757
Tinker Bell and the Legend of the NeverBeast,758
Tinker Bell and the Pirate Fairy,759
Batman Unlimited: Animal Instincts,760
One More Time,761
Man Up,762
21 Years: Richard Linklater,763
Sweet Home,764
San Andreas,765
Regression,766
Welcome to Me,767
Testament of Youth,768
The Man with the Iron Fists 2,769
Awake: The Life of Yogananda,770
Far from the Madding Crowd,771
Appropriate Behavior,772
Magical Girl,773
우는 남자,774
Wrong Turn 6: Last Resort,775
We Could Be King,776
Raised by Wolves,777
Barbie in Princess Power,778
Barbie and the Secret Door,779
La Famille Bélier,780
Hitman: Agent 47,781
Chelsea Peretti: One of the Greats,782
One Eyed Girl,783
Island of Lemurs: Madagascar,784
Court,785
Run & Jump,786
One Little Pill,787
The Dead Lands,788
Ricki and the Flash,789
Back Issues: The Hustler Magazine Story,790
Ride,791
The Eichmann Show,792
Partisan,793
Infini,794
Musarañas,795
Babysitter's Black Book,796
"Tommy Cooper: Not Like That, Like This",797
Down and Dangerous,798
Pitch Perfect 2,799
Mutant World,800
Just Before I Go,801
Bessie,802
Nightingale,803
Carol,804
Thought Crimes,805
Roald Dahl's Esio Trot,806
The King of Arcades,807
Lucia de B.,808
露水紅顏,809
Strangerland,810
The Dorm,811
Monsters: Dark Continent,812
Reminiscence,813
The Lobster,814
Beautiful & Twisted,815
Am Ende ein Fest,816
Güeros,817
Maggie,818
Hot Pursuit,819
Slow West,820
Meet the Mormons,821
The Human Centipede 3 (Final Sequence),822
The Green Inferno,823
Barely Lethal,824
Spooks: The Greater Good,825
Vehkleja,826
Il giovane favoloso,827
2047 - Sights of Death,828
Deep Web,829
"On Any Sunday, The Next Chapter",830
The Dramatics: A Comedy,831
何以笙箫默,832
5 to 7,833
Starship: Rising,834
San Andreas Quake,835
The Lookalike,836
The Martian,837
Road,838
Return to Sender,839
Kung Fury,840
Detective Byomkesh Bakshy!,841
बदलापुर,842
Holiday,843
끝까지 간다,844
Youth,845
Survivor,846
Hot Girls Wanted,847
A Gift of Miracles,848
Spy,849
2つ目の窓,850
Melody,851
Trainwreck,852
Ma che bella sorpresa,853
La dictadura perfecta,854
Aloha,855
She's Funny That Way,856
Song One,857
Vessel,858
Lost Soul: The Doomed Journey of Richard Stanley's Island of Dr. Moreau,859
Kirsitubakas,860
El Inventor de Juegos,861
تاکسی,862
Sadilishteto,863
Entourage,864
London Road,865
Bitter Lake,866
Ventoux,867
Das Ende der Geduld,868
Tu dors Nicole,869
Freedom,870
5 Flights Up,871
Inside Out,872
The World Made Straight,873
The Wolfpack,874
Soaked in Bleach,875
Love & Mercy,876
The Better Angels,877
Mercenaries,878
The Hunger Games: Mockingjay - Part 2,879
Max,880
Pixels,881
Allegiant,882
Fantastic Beasts and Where to Find Them,883
Bad Boys for Life,884
Elle l'adore,885
Mission Blue,886
Such Good People,887
Mostly Ghostly: Have You Met My Ghoulfriend?,888
Mr. Holmes,889
The Secret Life of Pets,890
Frankenstein vs. The Mummy,891
Les Gazelles,892
Kaaka Muttai,893
O Menino e o Mundo,894
Little Boy,895
Do You Believe?,896
A Deadly Adoption,897
Self/less,898
Mythica: A Quest for Heroes,899
The King's Daughter,900
Criminal,901
The Last Witch Hunter,902
Krampus,903
Suicide Squad,904
Ardennes Fury,905
De Behandeling,906
Independence Day: Resurgence,907
Star Trek Beyond,908
The Fluffy Movie,909
The Disappointments Room,910
Jen Kirkman: I'm Gonna Die Alone (And I Feel Fine),911
Morgan Murphy: Irish Goodbye,912
Dancing Arabs,913
Boychoir,914
Ted 2,915
Nematomas frontas,916
Indigenous,917
Absolutely Anything,918
Minions,919
भूतनाथ रिटर्न्स,920
상의원,921
Posthumous,922
The Good Dinosaur,923
Black Mass,924
Spectre,925
Que Horas Ela Volta?,926
Hercules Reborn,927
Avengers Grimm,928
Sharknado 3: Oh Hell No!,929
The Scorpion King: Quest for Power,930
Scooby-Doo! Moon Monster Madness,931
The Flintstones & WWE: Stone Age Smackdown,932
Iron Man & Captain America: Heroes United,933
五個孩子的校長,934
Jeff Dunham: All Over the Map,935
Steve Jobs,936
Macbeth,937
Vacation,938
Creep,939
See No Evil 2,940
Jurassic City,941
Dinosaur Island,942
The Pact II,943
Madame Bovary,944
Turkey Shoot,945
Bound,946
Phantom Halo,947
The Face of an Angel,948
Manglehorn,949
Old Fashioned,950
Larry Gaye: Renegade Male Flight Attendant,951
Maya the Bee Movie,952
Extinction Jurassic Predators 2017,953
Tooken,954
Wild in Blue,955
Helicopter Mom,956
Skin Trade,957
Where the Devil Hides,958
The Mummy Resurrected,959
Faith of Our Fathers,960
The Squeeze,961
From the Dark,962
Careful What You Wish For,963
Any Day,964
3 Nights in the Desert,965
Zombie Resurrection,966
Let Us Prey,967
Robot Overlords,968
Russell Madness,969
Bad Asses on the Bayou,970
Grace,971
GirlHouse,972
Batman v Superman: Dawn of Justice,973
All This Mayhem,974
Les Héritiers,975
Rise,976
Vendetta,977
TEKKEN: A Man Called X,978
Gemma Bovery,979
88,980
The Good Mistress,981
Perfect High,982
Cyberbully,983
Hyena,984
Amy,985
Supremacy,986
Tom and Jerry Spy Quest,987
Stung,988
The Well,989
Die geliebten Schwestern,990
Magic Mike XXL,991
7 Minutes,992
Rey gitano,993
The Jungle Book,994
ドラゴンボールZ 復活の「F」,995
Accidental Love,996
बॉम्बे वेलवेट,997
There's Always Woodstock,998
The Man from U.N.C.L.E.,999
Justice League: Gods and Monsters,1000
Treehouse,1001
7 Days in Hell,1002
The Walk,1003
13 Hours: The Secret Soldiers of Benghazi,1004
Spectral,1005
Staten Island Summer,1006
Bad Night,1007
Midnight Sun,1008
Ghost of Goodnight Lane,1009
Opposite Sex,1010
Find Me,1011
Lake Placid vs. Anaconda,1012
The Rise and Rise of Bitcoin,1013
The Gallows,1014
Christian Finnegan: The Fun Part,1015
Elon Gold: Chosen and Taken,1016
Tokyo Tribe,1017
The Midnight Swim,1018
Feast,1019
Tom Sawyer & Huckleberry Finn,1020
Joe Dirt 2: Beautiful Loser,1021
The Ninja Immovable Heart,1022
Dark Places,1023
Mustang,1024
Sweet Lorraine,1025
Road Wars,1026
Awaken,1027
Pressure,1028
Heaven Adores You,1029
Merry Ex-Mas,1030
Legacy,1031
The Revenant,1032
One Minute Time Machine,1033
Looney Tunes: Rabbits Run,1034
Cleveland Abduction,1035
Camp Belvidere,1036
Carte Blanche,1037
Cartel Land,1038
Baahubali: The Beginning,1039
"Gus - Petit oiseau, grand voyage",1040
Learning to Drive,1041
The Sleepwalker,1042
Ooops! Noah is Gone...,1043
Southpaw,1044
Sicario,1045
"Ich seh, Ich seh",1046
Un moment d'égarement,1047
War Pigs,1048
10 Cent Pistol,1049
Todd Barry: The Crowd Work Tour,1050
X+Y,1051
Dark Was the Night,1052
Before We Go,1053
Best of Enemies,1054
Lavalantula,1055
Sharktopus vs. Whalewolf,1056
For Here or to Go?,1057
Smosh: The Movie,1058
Firequake,1059
Sand Castles,1060
Charlie's Farm,1061
Chevalier,1062
Anomalisa,1063
Colonia,1064
攻殻機動隊ARISE border : 3 Ghost Tears,1065
攻殻機動隊ARISE border : 4 Ghost Stands Alone,1066
一生一世,1067
小时代3：刺金时代,1068
后会无期,1069
衝上雲霄,1070
Some Kind of Beautiful,1071
The Vatican Tapes,1072
Corbo,1073
3 Cœurs,1074
Runoff,1075
Brothers of War,1076
Diet of Sex,1077
Arrête ou je continue,1078
海街diary,1079
The Intern,1080
Batman Unlimited: Monster Mayhem,1081
Extinction,1082
The Suicide Theory,1083
The Truth About Webcam Girls,1084
Descendants,1085
Love,1086
Room,1087
Matar a un hombre,1088
Backmask,1089
P-51 Dragon Fighter,1090
The Gift,1091
Set Fire to the Stars,1092
The Witch,1093
3 Generations,1094
The Man Who Saved the World,1095
The Escort,1096
Ničije dete,1097
Last Cab to Darwin,1098
Chris Tucker Live,1099
Michiel de Ruyter,1100
Lava,1101
The Visit,1102
Secret in Their Eyes,1103
Sinister 2,1104
Redeemer,1105
Битва за Севастополь,1106
Harbinger Down,1107
American Ultra,1108
No Escape,1109
Straight Outta Compton,1110
Cop Car,1111
A LEGO Brickumentary,1112
Pasolini,1113
La crème de la crème,1114
Bermuda Tentacles,1115
進撃の巨人 ATTACK ON TITAN,1116
Tangerine,1117
Götz von Berlichingen,1118
Elser,1119
Toute première fois,1120
Every Secret Thing,1121
Inner Demons,1122
撒娇女人最好命,1123
Mariposa,1124
Scusate se esisto!,1125
The Past Is a Grotesque Animal,1126
Swallows and Amazons,1127
Do Lado de Fora,1128
Cuatro Lunas,1129
Yo Soy la Felicidad de Este Mundo,1130
Les nuits d'été,1131
Feriado,1132
Joy,1133
Next Goal Wins,1134
Cure: The Life of Another,1135
Victor Frankenstein,1136
One Square Mile,1137
Theeb‎‎,1138
Journey to Space,1139
Masaan,1140
Being Evel,1141
Защитники,1142
Tapped Out,1143
Kill Your Friends,1144
Nina Forever,1145
Equals,1146
Scouts Guide to the Zombie Apocalypse,1147
Muhammad: The Messenger of God,1148
Suffragette,1149
Chrieg,1150
The 50 Year Argument,1151
Mythica: The Darkspore,1152
베테랑,1153
암살,1154
Turbo Kid,1155
Bridgend,1156
Zurich,1157
Papanasam,1158
We Are Your Friends,1159
War Room,1160
La belle saison,1161
Hurricane of Fun: The Making of Wet Hot,1162
Legend,1163
The Outcasts,1164
Elephant Song,1165
Drishyam,1166
Phantom,1167
Addicted to Fresno,1168
Queen of Earth,1169
Deathgasm,1170
The Danish Girl,1171
Svenskjävel,1172
Area 51,1173
Latin Lover,1174
L♡DK,1175
Cooties,1176
Steve Jobs: The Man in the Machine,1177
Ejecta,1178
Børning,1179
Green Room,1180
Beasts of No Nation,1181
Pernicious,1182
Red Knot,1183
Dirty Weekend,1184
Dude Bro Party Massacre III,1185
The Lady in the Van,1186
He Named Me Malala,1187
Bloodsucking Bastards,1188
Contracted: Phase II,1189
Lost After Dark,1190
White Settlers,1191
ポケモン・ザ・ムービーXY 光輪の超魔神 フーパ,1192
Varsity Blood,1193
The Coed and the Zombie Stoner,1194
Kätilö,1195
Saving Christmas,1196
The Transporter Refueled,1197
Jenny's Wedding,1198
Reversal,1199
Knock Knock,1200
The Surface,1201
Welcome to Leith,1202
太平轮(上),1203
Man Down,1204
The Prophet,1205
"Something, Anything",1206
Mischief Night,1207
Jersey Shore Massacre,1208
뷰티 인사이드,1209
Life,1210
Papa ou maman,1211
Demolition,1212
Listening,1213
12 Rounds 3: Lockdown,1214
Frau Müller muss weg!,1215
Listen to Me Marlon,1216
Snowdens Store Flugt,1217
Magallanes,1218
The Keeping Room,1219
Our Brand Is Crisis,1220
進撃の巨人 ATTACK ON TITAN エンド オブ ザ ワールド,1221
Big Sky,1222
刺客聶隱娘,1223
The Gamechangers,1224
High-Rise,1225
The Night Before,1226
Into the Forest,1227
Time Out of Mind,1228
Chain of Command,1229
The Editor,1230
Everest,1231
Le tout nouveau testament,1232
Ti mene nosiš,1233
捉妖记,1234
Spotlight,1235
Viva,1236
Saul fia,1237
Intruders,1238
Pawn Sacrifice,1239
Hardcore Henry,1240
Hannas Reise,1241
Call Girl of Cthulhu,1242
Burnt,1243
Queen of the Desert,1244
Visions,1245
Heneral Luna,1246
百日紅～Miss HOKUSAI～,1247
Being Canadian,1248
Last Shift,1249
Fack ju Göhte 2,1250
Pay the Ghost,1251
さいはてにて ～やさしい香りと待ちながら～,1252
ビリギャル,1253
Beira-Mar,1254
Ghoul,1255
The Program,1256
경성학교: 사라진 소녀들,1257
赤道,1258
Full Out,1259
ബാംഗ്ലൂർ ഡെയ്സ്,1260
ഓം ശാന്തി ഓശാന,1261
รักที่ขอนแก่น,1262
Crumbs,1263
Tiger House,1264
The Quiet Hour,1265
Everything Before Us,1266
Idealisten,1267
I Am Here,1268
Arthur & Merlin,1269
La Dame dans l'auto avec des lunettes et un fusil,1270
Essex Boys: Law of Survival,1271
A Christmas Horror Story,1272
Das ewige Leben,1273
Från djupet av mitt hjärta,1274
La Glace et le ciel,1275
Navy Seals vs. Zombies,1276
El Club,1277
Hotel Transylvania 2,1278
Hidden,1279
Anti-Social,1280
The Beat Beneath My Feet,1281
Tim Maia,1282
Daft Punk Unchained,1283
Sunrise,1284
Tremors 5: Bloodlines,1285
Freeheld,1286
By the Sea,1287
The Little Prince,1288
Dark Star: HR Gigers Welt,1289
Narcopolis,1290
Ashby,1291
4Got10,1292
Dheepan,1293
Ronaldo,1294
"Liza, a rókatündér",1295
Get Santa,1296
Beyond the Mask,1297
Wonder Woman,1298
Iron Sky: The Coming Race,1299
Salt and Fire,1300
The Circle,1301
Silence,1302
Glen Campbell: I'll Be Me,1303
Bridge of Spies,1304
A Tale of Love and Darkness,1305
Guibord s'en va-t-en guerre,1306
"Mune, le gardien de la lune",1307
A Bigger Splash,1308
6 Ways to Die,1309
Into the Grizzly Maze,1310
Oorlogsgeheimen,1311
Where to Invade Next,1312
Human,1313
Eisenstein in Guanajuato,1314
Sangailės vasara,1315
The Hoarder,1316
American Beach House,1317
L.A. Slasher,1318
Zombie Killers: Elephant's Graveyard,1319
차이나타운,1320
Road to Paloma,1321
An Inspector Calls,1322
Simshar,1323
The Invitation,1324
Buttwhistle,1325
Eden,1326
"Hail, Caesar!",1327
Operator,1328
Noble,1329
Salad Days,1330
Mavis!,1331
How To Change The World,1332
Secrets of a Psychopath,1333
"Connasse, Princesse des cœurs",1334
Live from New York!,1335
Junun,1336
Call Me Lucky,1337
Blood Punch,1338
June,1339
The Hive,1340
Honeyspider,1341
"À trois, on y va",1342
Difret,1343
The Blackcoat's Daughter,1344
Hacker's Game,1345
杀破狼2,1346
The Inhabitants,1347
Re-Kill,1348
Keith Richards: Under the Influence,1349
L'étudiante et Monsieur Henri,1350
La Tête haute,1351
Baskin,1352
기술자들,1353
Preggoland,1354
绣春刀,1355
Animal,1356
救火英雄,1357
역린,1358
황제를 위하여,1359
군도: 민란의 시대,1360
クローズ EXPLODE,1361
Santa Claws,1362
Circle,1363
Meadowland,1364
All Things Must Pass,1365
Goosebumps,1366
Back in Time,1367
The Girl King,1368
Creative Control,1369
La Loi du marché,1370
A Month of Sundays,1371
Dharam Sankat Mein,1372
ஐ,1373
Miss You Already,1374
Dark Summer,1375
Unity,1376
Rock the Kasbah,1377
Freaks of Nature,1378
unINDIAN,1379
Comoara,1380
Gravy,1381
Badge of Honor,1382
The Curse of Downers Grove,1383
Momentum,1384
Tales of Halloween,1385
The Day the '60s Died,1386
The Diabolical,1387
Aferim!,1388
They Found Hell,1389
Phantom Boy,1390
Les Cowboys,1391
Bone Tomahawk,1392
Paranormal Activity: The Ghost Dimension,1393
Blinky Bill the Movie,1394
A Nightingale Falling,1395
Jem and the Holograms,1396
The 33,1397
Boreg,1398
Suburra,1399
Amy Schumer: Live at the Apollo,1400
Colt 45,1401
Howl,1402
Barbie & Her Sisters in the Great Puppy Adventure,1403
Liz en Septiembre,1404
Sugar Coated,1405
Fathers and Daughters,1406
Curve,1407
The Dressmaker,1408
Nowitzki: The Perfect Shot,1409
The Sound and the Fury,1410
Why Horror?,1411
Malacrianza,1412
Berkshire County,1413
Fasandræberne,1414
Forever,1415
Trumbo,1416
Marguerite,1417
さよなら歌舞伎町,1418
Concussion,1419
United Passions,1420
The Peanuts Movie,1421
വർഷം,1422
Bare,1423
O futebol,1424
The Last House on Cemetery Lane,1425
The Hallow,1426
バケモノの子,1427
A Dangerous Game,1428
Mr. Dynamite: The Rise of James Brown,1429
The Falling,1430
Alone With People,1431
En eftermiddag,1432
Viharsarok,1433
The Subjects,1434
Committed,1435
Wildlike,1436
Creed,1437
Twinsters,1438
Solace,1439
Pod Mocnym Aniołem,1440
Hardkor Disko,1441
ஜிகர்தண்டா,1442
David and Goliath,1443
Louder Than Bombs,1444
Entre Abelhas,1445
Heist,1446
Felices 140,1447
Shelter,1448
400 Days,1449
도희야,1450
失孤,1451
Velociraptor,1452
Love the Coopers,1453
The Roosevelts: An Intimate History,1454
Félix et Meira,1455
"Быстрее, чем кролики",1456
Night of the Living Dead: Darkest Dawn,1457
Camp Dread,1458
Trophy Heads,1459
Made in France,1460
A Perfect Day,1461
Panzehir,1462
After Words,1463
The Legend of Longwood,1464
Bravetown,1465
This Isn't Funny,1466
Prins,1467
Criminal Activities,1468
Miasto 44,1469
Czerwony Pająk,1470
Hrútar,1471
Utóélet,1472
Point Break,1473
Antigang,1474
Glassland,1475
Heart of a Dog,1476
Tamasha,1477
Paternity Leave,1478
Nackt unter Wölfen,1479
Talvar,1480
मैरी कोम,1481
പ്രേമം,1482
My Little Pony: Equestria Girls - Rainbow Rocks,1483
My Little Pony: Equestria Girls - Friendship Games,1484
The 5th Wave,1485
A Very Murray Christmas,1486
Elf: Buddy's Musical Christmas,1487
Truman,1488
Spud 3: Learning to Fly,1489
Reaper,1490
"Sexo fácil, películas tristes",1491
Bølgen,1492
Schneider vs. Bax,1493
Some Kind Of Hate,1494
The President,1495
The Hollow,1496
10.0 Earthquake,1497
Mega Shark vs. Mecha Shark,1498
Chi-Raq,1499
Truth,1500
The Letters,1501
Christmas Icetastrophe,1502
Just Jim,1503
我的少女時代,1504
破風,1505
The Big Short,1506
The Throwaways,1507
Christmas Eve,1508
พี่ชาย My Hero,1509
The Ridiculous 6,1510
ലോഹം,1511
എന്നും എപ്പോഴും,1512
Chaos on the Bridge,1513
John Mulaney: The Comeback Kid,1514
L for Leisure,1515
Northpole,1516
El Incidente,1517
9. april,1518
I Believe in Miracles,1519
The Girl in the Book,1520
Yalom's Cure,1521
Tumbledown,1522
Dawn Patrol,1523
Gone Too Far!,1524
Kôkaku Kidôtai,1525
Extraction,1526
Zoolander 2,1527
The Legend of Barney Thomson,1528
The Lion Guard: Return of the Roar,1529
Hitting the Apex,1530
How to Be Single,1531
"협녀, 칼의 기억",1532
Anguish,1533
Winning: The Racing Life of Paul Newman,1534
Another World,1535
Samurai Cop 2: Deadly Vengeance,1536
탐정: 더 비기닝,1537
Les Maîtres du suspense,1538
寄生獣,1539
寄生獣 完結編,1540
Dark Awakening,1541
Mr. Miracle,1542
Fifty Shades of Black,1543
The Monster of Mangatiti,1544
Nocturnal Animals,1545
A Tale of Two Thieves,1546
Unnatural,1547
Daddy's Home,1548
Sisters,1549
Just in Time for Christmas,1550
Ice Sculpture Christmas,1551
Merry Matrimony,1552
The Bridge,1553
On the Twelfth Day of Christmas,1554
Kung Fu Panda 3,1555
The Hooligan Factory,1556
A Perfect Christmas List,1557
A Christmas Kiss II,1558
Marco Polo: One Hundred Eyes,1559
Krisha,1560
La novia,1561
Standoff,1562
A Matter of Faith,1563
Bajirao Mastani,1564
Chrysalis,1565
Cold Deck,1566
Steve McQueen: The Man & Le Mans,1567
BORUTO -NARUTO THE MOVIE-,1568
Headless,1569
3-Headed Shark Attack,1570
老炮儿,1571
Ahora o nunca,1572
Asian School Girls,1573
The Last: Naruto the Movie,1574
Nintendo Quest,1575
"Rabin, the Last Day",1576
Le Grand partage,1577
The Alchemist's Letter,1578
Bride for Rent,1579
抱きしめたい -真実の物語-,1580
피끓는 청춘,1581
Pride and Prejudice and Zombies,1582
Cowboys vs. Dinosaurs,1583
"Montevideo, vidimo se!",1584
Cool Cat Saves the Kids,1585
How to Build a Better Boy,1586
The Devil's Candy,1587
Woodlawn,1588
Captive,1589
Shark Lake,1590
Hell & Back,1591
Plague,1592
"Branco Sai, Preto Fica",1593
The Forest,1594
Wazir,1595
Bang Bang!,1596
오늘의 연애,1597
Mr. Kaplan,1598
Урок,1599
허삼관,1600
映画　暗殺教室,1601
Close Range,1602
AWOL-72,1603
Der Anständige,1604
The Guvnors,1605
Band of Robbers,1606
Ellis,1607
Janis: Little Girl Blue,1608
Uncanny,1609
Demain,1610
Army Dog,1611
The 7:39,1612
分手大师,1613
リアル鬼ごっこ,1614
I Survived a Zombie Holocaust,1615
Evaporating Borders,1616
"Dzień dobry, kocham cię!",1617
Anacleto: Agente secreto,1618
El desconocido,1619
En man som heter Ove,1620
Wiener-Dog,1621
Norm of the North,1622
Ride Along 2,1623
Maggie's Plan,1624
Νοτιάς,1625
Batman: Bad Blood,1626
ウッジョブ!  神去なあなあ日常,1627
Eddie the Eagle,1628
Airlift,1629
Fitoor,1630
Exposed,1631
Mon roi,1632
Stonewall,1633
Frankenstein,1634
Fatima,1635
Martyrs,1636
Big Stone Gap,1637
Lo and Behold: Reveries of the Connected World,1638
Looking for Grace,1639
Jättiläinen,1640
The Boy,1641
90 Minutes in Heaven,1642
Jeruzalem,1643
Welcome to Happiness,1644
Lazer Team,1645
Risen,1646
Holy Hell,1647
The Survivalist,1648
Tout en haut du monde,1649
Avril et le monde truqué,1650
The Other Side of the Door,1651
Dirty Grandpa,1652
Requiem for the American Dream,1653
The Finest Hours,1654
A Gift Wrapped Christmas,1655
Valkoinen raivo,1656
Henkesi edestä,1657
Molly Moon and the Incredible Book of Hypnotism,1658
A Estrada 47,1659
Arrowhead,1660
My All American,1661
The Birth of a Nation,1662
Me Before You,1663
Jarhead 3: The Siege,1664
La tierra y la sombra,1665
간신,1666
Touched with Fire,1667
Space Cop,1668
Grease Live,1669
"Ni le ciel, ni la terre",1670
Pandemic,1671
Miles Ahead,1672
"Crouching Tiger, Hidden Dragon: Sword of Destiny",1673
Triple 9,1674
Gods of Egypt,1675
El Abrazo de la Serpiente,1676
नीरजा,1677
Race,1678
Providence,1679
10 Cloverfield Lane,1680
London Has Fallen,1681
Zootopia,1682
Whiskey Tango Foxtrot,1683
Desierto,1684
The Young Messiah,1685
The Perfect Match,1686
Grimsby,1687
Swung,1688
Home Invasion,1689
Hannibal Buress: Live From Chicago,1690
Pirate's Passage,1691
Blood Widow,1692
Marie Heurtin,1693
Nannaku Prematho,1694
Napapiirin sankarit 2,1695
ใช่รักหรือเปล่า,1696
Kill Game,1697
Desde allá,1698
L'Hermine,1699
Un plus une,1700
Une famille à louer,1701
Lolo,1702
寻龙诀,1703
13 dies de octubre,1704
Piranha Sharks,1705
Southbound,1706
Hangman,1707
She's Lost Control,1708
Cabin Fever,1709
Regular Show: The Movie,1710
葉問3,1711
Projet-M,1712
Boa Sorte,1713
Requisitos para ser una persona normal,1714
About Scout,1715
A Sunday Horse,1716
Doomed! The Untold Story of Roger Corman's The Fantastic Four,1717
Pad Na Jou Hart,1718
The Veil,1719
국제시장,1720
Vai Que Cola - O Filme,1721
Os Caras de Pau em O Misterioso Roubo do Anel,1722
Todos están muertos,1723
Lusers,1724
Hunt for the Wilderpeople,1725
The Sand,1726
Natsamrat,1727
Me Rosvolat,1728
Onneli ja Anneli,1729
Classroom 6,1730
"Gore, Quebec",1731
Sunny in the Dark,1732
Chronic,1733
Takaisin pintaan,1734
Hellions,1735
Boris Sans Béatrice,1736
Las Plantas,1737
Mammal,1738
Roboshark,1739
4th Man Out,1740
No Home Movie,1741
Conducta,1742
Blackbird,1743
Open Season: Scared Silly,1744
Les oiseaux de passage,1745
A Girl in the River: The Price of Forgiveness,1746
Plan 9,1747
Ma ma,1748
टू स्टेट्स,1749
Ocho apellidos catalanes,1750
Mama,1751
Francofonia,1752
The Ouija Exorcism,1753
찌라시: 위험한 소문,1754
Beyond,1755
The Real Miyagi,1756
Emelie,1757
Belgica,1758
Girl Asleep,1759
The Neon Demon,1760
Sun Choke,1761
Évolution,1762
Sunset Song,1763
Lo chiamavano Jeeg Robot,1764
Superpai,1765
Hot Bot,1766
Hide and Seek,1767
Elvis & Nixon,1768
Dil Dhadakne Do,1769
Eye in the Sky,1770
Kareem: Minority of One,1771
Road Games,1772
Bleeding Heart,1773
You Are Not Alone,1774
Yosemite,1775
"Hello, My Name Is Doris",1776
I Dream Of Wires,1777
Mr. Right,1778
Coconut Hero,1779
Estranged,1780
54 Days,1781
சேதுபதி,1782
Pee-wee's Big Holiday,1783
Miracles from Heaven,1784
The Daughter,1785
The Driftless Area,1786
Under the Shadow,1787
Little Dead Rotting Hood,1788
Florence Foster Jenkins,1789
La Vache,1790
Maryland,1791
Two-Bit Waltz,1792
My Big Fat Greek Wedding 2,1793
Born to Be Blue,1794
இறுதிச்சுற்று,1795
I Saw the Light,1796
Get a Job,1797
Sorgenfri,1798
Keanu,1799
Córki dancingu,1800
White Girl,1801
Yoga Hosers,1802
Love & Friendship,1803
Last Girl Standing,1804
ジョバンニの島,1805
Kryptonita,1806
Justice League vs. Teen Titans,1807
Bill,1808
Ice Age: The Great Egg-Scapade,1809
Everything Is Copy,1810
Von Caligari zu Hitler: Das deutsche Kino im Zeitalter der Massen,1811
I Spit on Your Grave III: Vengeance is Mine,1812
Mapplethorpe: Look at the Pictures,1813
Only the Dead See The End of War,1814
Zero Days,1815
Everybody Wants Some!!,1816
Sing Street,1817
All-Stars,1818
Jump!,1819
Angry Indian Goddesses,1820
Zoom,1821
Sundays,1822
Catastasis,1823
Paterson,1824
The Huntsman: Winter's War,1825
Neighbors 2: Sorority Rising,1826
A Good American,1827
How to Plan an Orgy in a Small Town,1828
Very Semi-Serious,1829
The Trust,1830
விசாரணை,1831
Hush,1832
Wet Bum,1833
Yasmine,1834
L'avenir,1835
Sugar Daddies,1836
The Dead Room,1837
Darling,1838
Girl on the Edge,1839
Under sandet,1840
Too Late,1841
The Cheerleader Murders,1842
Uncaged,1843
VANish,1844
Fan,1845
The Man Who Knew Infinity,1846
Tjuvheder,1847
Despite the Falling Snow,1848
Folk Hero & Funny Guy,1849
Mary Shelley,1850
Veloce come il vento,1851
Money Monster,1852
Nine Lives,1853
Barbershop: The Next Cut,1854
The Choice,1855
Our Kind of Traitor,1856
Finding Dory,1857
The Boss,1858
Bastille Day,1859
காதலும் கடந்து போகும்,1860
Smothered,1861
Free State of Jones,1862
The Angry Birds Movie,1863
Embers,1864
劇場版 零〜ゼロ〜,1865
Cherry Tree,1866
"님아, 그 강을 건너지 마오",1867
Tickled,1868
バクマン。,1869
Onnenonkija,1870
I Am Wrath,1871
Brand: A Second Coming,1872
Precious Cargo,1873
11.22.63,1874
என்னை அறிந்தால்,1875
வேதாளம்,1876
தனி ஒருவன்,1877
இன்று நேற்று நாளை,1878
நானும் ரௌடிதான்,1879
Al final del túnel,1880
தூங்கா வனம்,1881
வீரம்,1882
Desert Dancer,1883
Mother's Day,1884
Mothers and Daughters,1885
Manhattan Night,1886
九层妖塔,1887
Snowden,1888
Special Correspondents,1889
Sacrifice,1890
Buddymoon,1891
Patton Oswalt: Talking for Clapping,1892
Ratchet & Clank,1893
Holidays,1894
Inbrottet,1895
Short Fuse,1896
"로봇, 소리",1897
Frame by Frame,1898
Sueñan los androides,1899
The Nostalgist,1900
The Nice Guys,1901
I Ship It,1902
Lullaby,1903
Kindergarten Cop 2,1904
A Hologram for the King,1905
Tig Notaro: Boyish Girl Interrupted,1906
Gascoigne,1907
La trattativa,1908
The Family Fang,1909
Zapped,1910
Alvin and the Chipmunks: The Road Chip,1911
Stretch and Bobbito: Radio That Changed Lives,1912
Under the Gun,1913
The Shallows,1914
Leatherface,1915
Papa Hemingway in Cuba,1916
A Royal Christmas,1917
陀地驱魔人,1918
踏血尋梅,1919
10 Rules for Sleeping Around,1920
Death Clique,1921
The Dead the Damned and the Darkness,1922
Boy 7,1923
Big Driver,1924
아가씨,1925
Alice Through the Looking Glass,1926
Midnight Masquerade,1927
Bridal Wave,1928
All of My Heart,1929
The BFG,1930
Wild,1931
My Scientology Movie,1932
Sausage Party,1933
Love by Chance,1934
The Bridge Part 2,1935
Dater's Handbook,1936
Love on the Sidelines,1937
Love in Paradise,1938
A Country Wedding,1939
A Novel Romance,1940
The Nine Lives of Christmas,1941
Perfect on Paper,1942
Me casé con un boludo,1943
Kill Command,1944
The Eyes of My Mother,1945
Captain Fantastic,1946
Toni Erdmann,1947
Neruda,1948
The Scandalous Lady W,1949
Dementia,1950
곡성,1951
Jai Gangaajal,1952
Fear Itself,1953
Beijing Meets Seattle II: Book of Love,1954
Now You See Me 2,1955
The Masked Saint,1956
The Curse of Sleeping Beauty,1957
The Land Before Time XIV: Journey of the Brave,1958
The Division: Agent Origins,1959
Remainder,1960
Ali Wong: Baby Cobra,1961
The Other Side of the Wind,1962
紅衣小女孩,1963
King Jack,1964
The Strange House,1965
Julieta,1966
Café Society,1967
"I, Daniel Blake",1968
Mission to Lars,1969
The Pack,1970
Min lilla syster,1971
Granny's Dancing on the Table,1972
Det borde finnas regler,1973
Flocken,1974
Odödliga,1975
Unga Sophie Bell,1976
Glada Hälsningar från Missångerträsk,1977
Miraklet i Viskan,1978
Capitán Kóblic,1979
Swiss Army Man,1980
Die Trapp Familie - Ein Leben für die Musik,1981
Already Tomorrow in Hong Kong,1982
華麗上班族,1983
Nise: O Coração da Loucura,1984
Before I Wake,1985
Bacalaureat,1986
Sharkansas Women's Prison Massacre,1987
The Bandit Hound,1988
Jack of the Red Hearts,1989
Abzurdah,1990
The Ones Below,1991
Zoombies,1992
Teenage Mutant Ninja Turtles: Out of the Shadows,1993
The Darkness,1994
내부자들,1995
Brexit: The Movie,1996
Sin Filtro,1997
Elstree 1976,1998
Popstar: Never Stop Never Stopping,1999
La Prochaine fois je viserai le cœur,2000
The Adventures of Beatle,2001
Zjednoczone Stany Miłosci,2002
Marguerite et Julien,2003
Future Shock! The Story of 2000AD,2004
Urge,2005
Monkey Planet,2006
Dylan Moran: Off The Hook,2007
All the Way,2008
Bo Burnham: Make Happy,2009
The Conjuring 2,2010
Weiner,2011
Never Back Down: No Surrender,2012
Approaching the Unknown,2013
Pelé: Birth of a Legend,2014
(Dis)Honesty: The Truth About Lies,2015
Andron,2016
The Witness,2017
Ghostbusters,2018
等一個人咖啡,2019
좋은 친구들,2020
Cell,2021
Gridlocked,2022
The Funhouse Massacre,2023
Girl in Woods,2024
Mythica: The Necromancer,2025
Complete Unknown,2026
Kobe Bryant's Muse,2027
Bang Gang (une histoire d'amour moderne),2028
The Asian Connection,2029
Blackway,2030
Brand New-U,2031
Adam Green's Aladdin,2032
Allacciate le cinture,2033
Central Intelligence,2034
O.J.: Made in America,2035
"Mother, May I Sleep with Danger?",2036
उड़ता पंजाब,2037
How to Let Go of the World and Love All the Things Climate Can't Change,2038
メイクルーム,2039
Genius,2040
Dead Rising: Endgame,2041
Te3n,2042
Jason Bourne,2043
Shamitabh,2044
Adventures in Babysitting,2045
The Winding Stream,2046
Dead 7,2047
Adult Life Skills,2048
De Palma,2049
रमन राघव २.०,2050
Minimalism: A Documentary About the Important Things,2051
Drag Becomes Him,2052
The Legend of Tarzan,2053
The Purge: Election Year,2054
Mike and Dave Need Wedding Dates,2055
Ice Age: Collision Course,2056
Lights Out,2057
Pete's Dragon,2058
Mythica: The Iron Crown,2059
조선명탐정 : 사라진 놉의 딸,2060
The Duel,2061
Les Tuche 2: Le rêve américain,2062
사도,2063
Indignation,2064
Goat,2065
Black Mountain Side,2066
Tallulah,2067
The ReZort,2068
The Phenom,2069
Marauders,2070
Carnage Park,2071
Der Nachtmahr,2072
อนธการ,2073
Absolutely Fabulous: The Movie,2074
맨홀,2075
They Will Have to Kill Us First,2076
Fastball,2077
The Adderall Diaries,2078
21 Days,2079
Heart Like a Hand Grenade,2080
The Antwerp Dolls,2081
Traded,2082
La tortue rouge,2083
The Dog Lover,2084
Notes on Blindness,2085
Satanic,2086
Les Innocentes,2087
Zonda: folclore argentino,2088
지금은맞고그때는틀리다,2089
Porta dos Fundos: Contrato Vitalício,2090
Nerve,2091
Sully,2092
Ma loute,2093
Le Fils de Joseph,2094
Les démons,2095
Juste la fin du monde,2096
Aloys,2097
Jim Jefferies: Freedumb,2098
Sultan,2099
ചാര്‍ലി,2100
Goldstone,2101
Countdown,2102
Dead Sea,2103
Birkebeinerne,2104
Califórnia,2105
Bitcoin: The End of Money as We Know It,2106
Fender Bender,2107
日本のいちばん長い日,2108
The Infiltrator,2109
War Dogs,2110
"Jia Zhangke, Um Homem de Fenyang",2111
Sunspring,2112
Living in the Age of Airplanes,2113
Undrafted,2114
Outlaws and Angels,2115
Brahman Naman,2116
Cien años de perdón,2117
Helix,2118
Our RoboCop Remake,2119
Looking: The Movie,2120
The Prey,2121
Cyborg X,2122
Vigilante Diaries,2123
Поддубный,2124
Rebirth,2125
Black,2126
I Am Belfast,2127
Le Mirage,2128
The Love Witch,2129
Batman: The Killing Joke,2130
Die Präsenz,2131
Bad Moms,2132
Hell or High Water,2133
Meet the Blacks,2134
テラフォーマーズ,2135
キングスグレイブ ファイナルファンタジーXV,2136
Don't Breathe,2137
Enklava,2138
47 Meters Down,2139
Scare Campaign,2140
"Gabo, la magia de lo real",2141
Incompresa,2142
River,2143
The Call Up,2144
Robinson Crusoe,2145
"Belle et Sébastien, l'aventure continue",2146
Sx_Tape,2147
Body,2148
Dark Haul,2149
Sharknado 4: The 4th Awakens,2150
The Edge of Seventeen,2151
Poi E: The Story of Our Song,2152
Manhattan Romance,2153
Anthropoid,2154
Blood Father,2155
Joshy,2156
La guerre des tuques 3D,2157
Elle,2158
小さいおうち,2159
Anne of Green Gables,2160
Daylight's End,2161
Polaarpoiss,2162
"Päevad, mis ajasid segadusse",2163
부산행,2164
Unfriend,2165
Let's Be Evil,2166
Five Nights in Maine,2167
Viral,2168
The Remains,2169
Perekonnavaled,2170
The Mind's Eye,2171
Summer Camp,2172
The Making of Trump,2173
Vergine giurata,2174
Best Night Ever,2175
Worry Dolls,2176
ABCs of Death 2.5,2177
Klovn forever,2178
Mechanic: Resurrection,2179
In the Room,2180
Tom Segura: Mostly Stories,2181
Antibirth,2182
The 9th Life of Louis Drax,2183
The Magnificent Seven,2184
Sniper: Ghost Shooter,2185
Beta Test,2186
The Russian Woodpecker,2187
The Rack Pack,2188
Skiptrace,2189
3 Türken und ein Baby,2190
Moonlight,2191
大鱼·海棠,2192
Flaskepost fra P,2193
서울역,2194
The Childhood of a Leader,2195
Five,2196
Masterminds,2197
#Pellichoopulu,2198
Endgame,2199
Las ovejas no pierden el tren,2200
Amateur Night,2201
रुस्तम,2202
Darkest Day,2203
Tiny Giants 3D,2204
One More Time with Feeling,2205
Kubo and the Two Strings,2206
Éperdument,2207
Bridget Jones's Baby,2208
The Light Between Oceans,2209
Morgan,2210
Queen of Katwe,2211
Deepwater Horizon,2212
Miss Peregrine's Home for Peculiar Children,2213
The Girl on the Train,2214
Middle School: The Worst Years of My Life,2215
The Accountant,2216
Kevin Hart: What Now ?,2217
The American Side,2218
나를 잊지 말아요,2219
Sanam Teri Kasam,2220
Un monstruo de mil cabezas,2221
魔宫魅影,2222
좋아해줘,2223
High Strung,2224
시간이탈자,2225
탐정 홍길동: 사라진 마을,2226
Baaghi,2227
God's Not Dead 2,2228
கபாலி,2229
Ki and Ka,2230
封神传奇,2231
Mohenjo Daro,2232
인천상륙작전,2233
귀향,2234
屍者の帝国,2235
A Quiet Passion,2236
Chosen,2237
The Whole Truth,2238
The Model,2239
American Honey,2240
Artie Lange: The Stench of Failure,2241
Imperium,2242
ברש,2243
La route d'Istanbul,2244
David Brent: Life on the Road,2245
Blood Lake: Attack of the Killer Lampreys,2246
Médecin de campagne,2247
Kater,2248
Lost Songs: The Basement Tapes Continued,2249
I Am Not a Serial Killer,2250
Eddie Pepitone: In Ruins,2251
Moje córki krowy,2252
傷物語　第一部〈Ⅰ鉄血篇〉,2253
亜人　第１部「衝動」,2254
劇場版 サイコパス,2255
The Black Hole,2256
The Fits,2257
Morris from America,2258
The Lost Honour of Christopher Jefferies,2259
Sky,2260
Burning Bodhi,2261
シン・ゴジラ,2262
Sniper: Special Ops,2263
Hard Target 2,2264
Cartels,2265
Honey 3: Dare to Dance,2266
The Intervention,2267
The Sea of Trees,2268
XOXO,2269
Bodom,2270
Terra,2271
君の名は。,2272
Dan Soder: Not Special,2273
Sequoia,2274
S one strane,2275
Grüße aus Fukushima,2276
Natural Selection,2277
Chasing Great,2278
Nahid,2279
മഹേഷിന്‍റെ പ്രതികാരം,2280
Demon,2281
D'Ardennen,2282
പിന്നെയും,2283
터널,2284
Certain Women,2285
Hymyilevä mies,2286
Aquarius,2287
Gernika,2288
Equity,2289
Jack,2290
Mamaboy,2291
Virtual Revolution,2292
Landmine Goes Click,2293
Caffeinated,2294
Erebus: Operation Overdue,2295
DC Super Hero Girls: Hero of the Year,2296
Hacksaw Ridge,2297
Night of the Wild,2298
Other People,2299
Mostly Ghostly 3: One Night in Doom House,2300
Getúlio,2301
City 40,2302
Rampage: Capital Punishment,2303
Rampage: President Down,2304
Summer of 8,2305
Der geilste Tag,2306
Perdiendo el Norte,2307
Take Me to the River,2308
Divines,2309
USS Indianapolis: Men of Courage,2310
Tulen morsian,2311
São Jorge,2312
O Roubo da Taça,2313
Billy Lynn's Long Halftime Walk,2314
Teit meistä kauniin,2315
Blair Witch,2316
Transpecos,2317
The Hollars,2318
Olmo & the Seagull,2319
The Beatles: Eight Days a Week - The Touring Years,2320
Kickboxer: Vengeance,2321
The Promise,2322
Loving,2323
Miss Stevens,2324
Christine,2325
Silicon Cowboys,2326
31,2327
Comedy Central Roast of Rob Lowe,2328
ARQ,2329
Nočno življenje,2330
Život je truba,2331
Burn Burn Burn,2332
Altamira,2333
Desculpe o Transtorno,2334
Tower,2335
Mal de pierres,2336
Det vita folket,2337
I.T.,2338
The Neighbor,2339
Théo et Hugo dans le même bateau,2340
Nina,2341
Planetarium,2342
A Monster Calls,2343
Arrival,2344
Traceroute,2345
"Já, Olga Hepnarová",2346
Storks,2347
海よりもまだ深く,2348
The Secret World of Lewis Carroll,2349
Maximum Ride,2350
Radin!,2351
Horace and Pete,2352
Poesía sin fin,2353
Papeles en el viento,2354
The Girl with All the Gifts,2355
Abattoir,2356
All Roads Lead to Rome,2357
赏金猎人,2358
アイアムアヒーロー,2359
鐵道飛虎,2360
아수라,2361
僕だけがいない街,2362
使徒行者,2363
Ma vie de courgette,2364
暴瘋語,2365
फ्रीकी अली,2366
Tschick,2367
Publieke Werken,2368
A Country Called Home,2369
Redistributors,2370
Crossing Point,2371
After Midnight,2372
Ztraceni v Mnichově,2373
Amanda Knox,2374
All Eyez on Me,2375
Interrogation,2376
Oliver's Deal,2377
Duell der Brüder - Die Geschichte von Adidas und Puma,2378
Gringo: The Dangerous Life of John McAfee,2379
Kicks,2380
Operation Avalanche,2381
Bleed,2382
リップヴァンウィンクルの花嫁,2383
Tarde para la ira,2384
夜莺,2385
Farewell Baghdad,2386
La jeune fille sans mains,2387
Pahan kukat,2388
The Last Band In Lebanon,2389
Capsule,2390
The Dwarvenaut,2391
Pendekar Tongkat Emas,2392
"Signed, Sealed, Delivered: From Paris With Love",2393
Teen Beach 2,2394
Ms. Matched,2395
Anything for Love,2396
Appetite For Love,2397
Perfect Match,2398
Love Finds You In Sugarcreek,2399
Love Finds You in Charm,2400
"Signed, Sealed, Delivered for Christmas",2401
Along Came a Nanny,2402
The Alchemist Cookbook,2403
Colossal,2404
Isabelle Dances Into the Spotlight,2405
A Cinderella Story: If the Shoe Fits,2406
Ночные стражи,2407
Interruption,2408
Voyage of Time: Life's Journey,2409
La La Land,2410
13th,2411
The Siege of Jadotville,2412
Quand on a 17 Ans,2413
Vincent N Roxxy,2414
Road to Yesterday,2415
Brother Nature,2416
فروشنده,2417
紙の月,2418
Barbie in Rock 'N Royals,2419
Barbie: Spy Squad,2420
Două lozuri,2421
Allied,2422
The Monster,2423
Phantasm: Ravager,2424
Who Gets the Dog?,2425
London Town,2426
Batman: Return of the Caped Crusaders,2427
Brimstone,2428
Inferno,2429
Keeping Up with the Joneses,2430
Ouija: Origin of Evil,2431
My Blind Brother,2432
Crisis in Six Scenes,2433
Patient Seven,2434
The White King,2435
Trolls,2436
Sky Ladder: The Art of Cai Guo-Qiang,2437
LEGO DC Comics Super Heroes: Batman: Be-Leaguered,2438
Raiders!: The Story of the Greatest Fan Film Ever Made,2439
The Forgotten,2440
Hidden in the Woods,2441
37,2442
Una,2443
Max Steel,2444
Fritz Lang,2445
Operator,2446
Supersonic,2447
The Swap,2448
Jessica Darling's It List,2449
O Shaolin do Sertão,2450
Always Shine,2451
Denial,2452
Jack Reacher: Never Go Back,2453
Frank & Lola,2454
Hamilton's America,2455
In a Valley of Violence,2456
Terror - Ihr Urteil,2457
Z Airando,2458
Bang Bang Baby,2459
Bling,2460
Sneekweek,2461
Borrowed Time,2462
Ustav Republike Hrvatske,2463
The Red Pill,2464
American Pastoral,2465
Killjoy's Psycho Circus,2466
Joe Rogan: Triggered,2467
Scherzo Diabolico,2468
Into the Inferno,2469
Mr. Church,2470
Before the Flood,2471
The Windmill Massacre,2472
Michael Moore in TrumpLand,2473
Manson's Lost Girls,2474
Manchester by the Sea,2475
Lion,2476
Spa Night,2477
RWD,2478
In guerra per amore,2479
The Autopsy of Jane Doe,2480
Alleycats,2481
Whitney,2482
The Thinning,2483
Team Thor,2484
Closet Monster,2485
Bad Santa 2,2486
Dead on Campus,2487
Take Down,2488
손님,2489
The Late Bloomer,2490
Ice Guardians,2491
Der Staat gegen Fritz Bauer,2492
Almost Christmas,2493
Tanna,2494
Ae Dil Hai Mushkil,2495
Bound & Babysitting,2496
Lonesome Dove Church,2497
El Rey de La Habana,2498
Under the sun,2499
"Quiet Riot: Well Now You're Here, There's No Way Back",2500
Marvel One-Shot: All Hail the King,2501
Kate Plays Christine,2502
All These Sleepless Nights,2503
Risk,2504
Trapped,2505
Cameraperson,2506
"Marvel: 75 Years, From Pulp to Pop!",2507
Marvel Studios: Assembling a Universe,2508
Pure Pwnage: Teh Movie,2509
Anabel,2510
The Evil in Us,2511
El hombre de las mil caras,2512
Acantilado,2513
Ils sont partout,2514
Spaceman,2515
Army of One,2516
The Ivory Game,2517
Collateral Beauty,2518
First Girl I Loved,2519
True Memoirs of an International Assassin,2520
Domácí péče,2521
HyperNormalisation,2522
Melānijas hronika,2523
Bienvenue à Marly-Gomont,2524
Dog Eat Dog,2525
Justin Timberlake + The Tennessee Kids,2526
Riley's First Date?,2527
Kaze ni nureta onna,2528
A United Kingdom,2529
Безбог,2530
どうしても触れたくない,2531
조선미녀삼총사,2532
Female Werewolf,2533
Uncle Nick,2534
Race to Win,2535
Saphirblau,2536
"Von einem, der auszog, das Fürchten zu lernen",2537
Shut In,2538
Good Kids,2539
I Am Your Father,2540
My Feral Heart,2541
Angriff der Lederhosenzombies,2542
L'Odyssée,2543
Officer Downe,2544
聲の形,2545
100 metros,2546
Ricardo O'Farrill: Abrazo Genial,2547
Sofía Niño de Rivera: Expuesta,2548
Lamma shoftak,2549
Baden Baden,2550
LEGO DC Comics Super Heroes: Justice League - Gotham City Breakout,2551
Moana,2552
The Confessions of Thomas Quick,2553
Siren,2554
Eliminators,2555
Alienate,2556
Jackie,2557
Office Christmas Party,2558
대호,2559
The Space Between Us,2560
Rogue One: A Star Wars Story,2561
Pet,2562
Live by Night,2563
Split,2564
Asperger's Are Us,2565
Opening Night,2566
National Bird,2567
A Kind of Murder,2568
Soldat blanc,2569
Underworld: Blood Wars,2570
28 панфиловцев,2571
The Gamers: Natural One,2572
Miss Sloane,2573
Rules Don't Apply,2574
"End of Days, Inc.",2575
Sam,2576
ആനന്ദം,2577
ഹാപ്പി വെഡ്‌ഡിങ്,2578
പ്രേതം,2579
ഗപ്പി,2580
കമ്മട്ടിപ്പാടം,2581
ആക്ഷൻ ഹീറോ ബിജു,2582
Passengers,2583
제보자,2584
Hidden Figures,2585
Michael Che Matters,2586
Hell House LLC,2587
Pro Wrestlers vs Zombies,2588
Fences,2589
Tyttö nimeltä Varpu,2590
Len and Company,2591
Bleed for This,2592
Rainbow Time,2593
Hacker,2594
The Free World,2595
The Greasy Strangler,2596
20th Century Women,2597
Inner Workings,2598
Marathon: The Patriots Day Bombing,2599
Shadows of the Dead,2600
ישמח חתני,2601
The Hurt Business,2602
L'effet aquatique,2603
Mercenaire,2604
1898. Los últimos de Filipinas,2605
The Great Wall,2606
Reggie Watts: Spatial,2607
This Beautiful Fantastic,2608
The Founder,2609
Hairspray Live!,2610
Why Him?,2611
Sing,2612
Kahaani 2,2613
Jasper Redd: Jazz Talk,2614
I Am Not Your Negro,2615
The Bachelor,2616
"Kiss Me, Kill Me",2617
Echo Park,2618
End of a Gun,2619
Miss India America,2620
Sugar Mountain,2621
Victoria,2622
Well Wishes,2623
Darkweb,2624
Alone in Berlin,2625
Kyle Kinane: Loose in Chicago,2626
Kyle Kinane: I Liked His Old Stuff Better,2627
A martfűi rém,2628
The Legend of Ben Hall,2629
Mister Universo,2630
恋する・ヴァンパイア,2631
Beyond the Gates,2632
The Interior,2633
The House on Pine Street,2634
Pass-Thru,2635
Klassefesten 2 - begravelsen,2636
The Fourth Phase,2637
Abado Yek Rouz,2638
Coming Through The Rye,2639
Kedi,2640
俺物語!!,2641
A Grand Night In: The Story of Aardman,2642
先輩と彼女,2643
The Crooked Man,2644
Barry,2645
Hurricane Bianca,2646
Room Full of Spoons,2647
Assassin's Creed,2648
Dr. Cabbie,2649
Greater,2650
A Dog's Purpose,2651
שבוע ויום,2652
दंगल,2653
Nachthelle,2654
Manifesto,2655
Ce sentiment de l'été,2656
Enter the Battlefield: Life on the Magic - The Gathering Pro Tour,2657
Mower Minions,2658
María (y los demás),2659
El rei borni,2660
Patriots Day,2661
Gold,2662
The Little Hours,2663
Ang Babae sa Septic Tank 2: #ForeverIsNotEnough,2664
Seklusyon,2665
The Third Party,2666
Jon Richardson Live: Nidiot,2667
Ballerina,2668
Fist Fight,2669
Monster Trucks,2670
Sleepless,2671
A Cure for Wellness,2672
Он - дракон,2673
Swept Under,2674
Red Dog: True Blue,2675
All We Had,2676
Eternity,2677
Mesteren,2678
Волки и овцы: бе-е-е-зумное превращение,2679
Tonio,2680
A Street Cat Named Bob,2681
xXx: Return of Xander Cage,2682
The Bye Bye Man,2683
Prevenge,2684
The Lego Batman Movie,2685
Closer to God,2686
Batman Beyond Darwyn Cooke's Batman 75th Anniversary Short,2687
Batman: Strange Days,2688
Swearnet Live,2689
When the Bough Breaks,2690
Frantz,2691
The 24 Hour War,2692
The Hollow,2693
Wizard Mode,2694
Contratiempo,2695
功夫瑜伽,2696
रंगून,2697
Death Race 2050,2698
Burn Country,2699
ワンピース　フィルム GOLD,2700
"Dana Carvey: Straight White Male, 60",2701
Bright Lights: Starring Carrie Fisher and Debbie Reynolds,2702
Trespass Against Us,2703
Claire in Motion,2704
Past Life,2705
Coin Heist,2706
I'm Not Ashamed,2707
Rupture,2708
The Young Offenders,2709
Tini: El gran cambio de Violetta,2710
Lea to the Rescue,2711
A December Bride,2712
Girlfriends of Christmas Past,2713
A Nutcracker Christmas,2714
The Mistletoe Promise,2715
Rings,2716
三少爷的剑,2717
傷物語　第二部〈Ⅱ熱血篇〉,2718
Grave,2719
Clinical,2720
Teenage Cocktail,2721
Sold,2722
Tenemos la carne,2723
Jim Gaffigan: Cinco,2724
Welcome to Norway,2725
Eu Fico Loko,2726
The Crash,2727
Don't Grow Up,2728
傷物語〈Ⅲ冷血篇〉,2729
Minha Mãe é Uma Peça 2,2730
Powidoki,2731
Jestem Mordercą,2732
John Wick: Chapter 2,2733
Get Out,2734
Logan,2735
Kong: Skull Island,2736
City of Tiny Lights,2737
T2 Trainspotting,2738
Passage to Mars,2739
Science Fiction Volume One: The Osiris Child,2740
Before I Fall,2741
The Belko Experiment,2742
Ritter Trenk,2743
Be My Cat: A Film for Anne,2744
The Big Sick,2745
Ingrid Goes West,2746
I Don't Feel at Home in This World Anymore,2747
King Arthur: Legend of the Sword,2748
Headshot,2749
100 Streets,2750
Incarnate,2751
Köpek,2752
Beauty and the Beast,2753
Take the 10,2754
해어화,2755
Boo! A Madea Halloween,2756
The Boss Baby,2757
Justice League Dark,2758
"Liar, Liar, Vampire",2759
Beware the Slenderman,2760
Dangerous Company,2761
Mercury Plains,2762
Nena,2763
Call Me by Your Name,2764
Resident Evil: The Final Chapter,2765
El Hilo Rojo,2766
Night of Something Strange,2767
Ameerika suvi,2768
iBoy,2769
L'ora legale,2770
Die Beautiful,2771
Better Off Single,2772
Catfight,2773
A Ghost Story,2774
Ghost in the Shell,2775
Maalik,2776
Lost in the Pacific,2777
The Primary Instinct,2778
Pork Pie,2779
Le voyage au Groenland,2780
Bill Burr: Walk Your Way Out,2781
Nocturama,2782
Stick Man,2783
Dalida,2784
XX,2785
Sadako vs. Kayako,2786
Tiszta szívvel,2787
Ok Jaanu,2788
Fifty Shades Darker,2789
Wilson,2790
Lost & Found,2791
Притяжение,2792
The Master: A Lego Ninjago Short,2793
Don't Knock Twice,2794
The Ticket,2795
Tikkun,2796
Lavender,2797
Detour,2798
My Father Die,2799
The Book of Love,2800
Red Billabong,2801
A Sunday Kind of Love,2802
The Great Gilly Hopkins,2803
钟馗伏魔：雪妖魔灵,2804
Trumped: Inside the Greatest Political Upset of All Time,2805
Chapter & Verse,2806
Ozzy,2807
Hickey,2808
Nieve negra,2809
Neal Brennan: 3 Mics,2810
"Michael Bolton's Big, Sexy Valentine's Day Special",2811
Mine,2812
Je ne suis pas un salaud,2813
La punta del iceberg,2814
Lost in Florence,2815
Hunter Gatherer,2816
Bad Kids of Crestview Academy,2817
Come Together,2818
The Frontier,2819
Das Attentat - Sarajevo 1914,2820
King of the Belgians,2821
Рыба-мечта,2822
智取威虎山,2823
Brabançonne,2824
Le Règne de la beauté,2825
Floyd Norman: An Animated Life,2826
Heil,2827
Smetto quando voglio: Masterclass,2828
American Sharia,2829
Shepherds and Butchers,2830
Fak wai nai gai thoe,2831
In Dubious Battle,2832
同級生,2833
Berlin Syndrome,2834
The Escape,2835
Lemonade,2836
Préjudice,2837
October 1,2838
All This Panic,2839
Cat Sick Blues,2840
Even Lambs Have Teeth,2841
Youth in Oregon,2842
그날의 분위기,2843
Song to Song,2844
To the Bone,2845
Girlfriend's Day,2846
To Walk Invisible,2847
好极了,2848
American Fable,2849
Teenage Kicks,2850
Blondie's New York and the Making of Parallel Lines,2851
Mein Blind Date mit dem Leben,2852
Dobra žena,2853
Pokot,2854
Una mujer fantástica,2855
Hostages,2856
Kill Ratio,2857
Trash Fire,2858
Lovesong,2859
Jen Kirkman: Just Keep Livin',2860
À peine j'ouvre les yeux,2861
Пиковая дама: Черный обряд,2862
Drifter,2863
Everybody Loves Somebody,2864
Matt Besser: Besser Breaks The Record,2865
Tony Hinchcliffe: One Shot,2866
Whitney Cummings: I'm Your Girlfriend,2867
Theo Von: No Offense,2868
Steve-O: Guilty as Charged,2869
Stephen Lynch: Hello Kalamazoo,2870
Cameron Esposito: Marriage Material,2871
Gary Gulman: It's About Time,2872
Michael Ian Black: Noted Expert,2873
Quincy Jones: Burning the Light,2874
Willie Barcena: The Truth Hurts,2875
Josh Blue: Delete,2876
Martin Lawrence Doin’ Time,2877
Sebastian Maniscalco: Why Would You Do That?,2878
Lewis Black: Black to the Future,2879
Jena Friedman: American Cunt,2880
Wanda Sykes: What Happened… Ms. Sykes?,2881
Barry Crimmins: Whatever Threatens You,2882
Janeane Garofalo: If I May,2883
Pete Davidson: SMD,2884
Mo Mandel: Negative Reinforcement,2885
Aries Spears: Comedy Blueprint,2886
Joey Coco Diaz: Sociably UnAcceptable,2887
Tom Papa: Human Mule,2888
Nick Thune: Good Guy,2889
Ian Harvie: May the Best Cock Win,2890
My Entire High School Sinking Into the Sea,2891
Gantz:O,2892
Britney Ever After,2893
카트,2894
The Silent Mountain,2895
Sr. Pig,2896
Sister Cities,2897
Emily & Tim,2898
Priceless,2899
"Nick Cannon: Stand Up, Don't Shoot",2900
Departure,2901
Fair Haven,2902
Parched,2903
Le voyage de Fanny,2904
Tonight It's You,2905
Asteria,2906
Nick Di Paolo: Another Senseless Killing,2907
Gary Owen: I Agree With Myself,2908
Mel Brooks: Live at the Geffen,2909
Brian Gaar: Jokes I Wrote At Work,2910
Andy Peters: Exclamation Mark Question Point,2911
Barry Hilton: The Live Series,2912
Keith Robinson: Back of the Bus Funny,2913
Ralphie May: Unruly,2914
Mick Foley: Cheap Pops,2915
Brad Williams: Fun Size,2916
Nick Swardson: Taste It,2917
Lisa Lampanelli: Back to the Drawing Board,2918
Bridget Everett: Gynecological Wonder,2919
Jay Pharoah: Can I Be Me?,2920
Craig Ferguson: Just Being Honest,2921
Steve Rannazzisi: Breaking Dad,2922
Margaret Cho: PsyCHO,2923
Brian Regan: Live From Radio City Music Hall,2924
Anjelah Johnson: Not Fancy,2925
Jimmy Dore: Sentenced To Live,2926
Paul F. Tompkins: Crying and Driving,2927
Sarah Colonna: I Can't Feel My Legs,2928
John Bishop Supersonic Live,2929
Trevor Noah: Lost In Translation,2930
Kevin Bridges Live: A Whole Different Story,2931
Marc Maron: More Later,2932
Elliott Morgan: Premature,2933
Jerrod Carmichael: Love at the Store,2934
Tracy Morgan: Bona Fide,2935
Sebastian Maniscalco: Aren't You Embarrassed?,2936
Trémulo,2937
Don't Hang Up,2938
The Glass Castle,2939
Mean Dreams,2940
Banking on Bitcoin,2941
The Void,2942
Fare,2943
Painkillers,2944
Tom of Finland,2945
Donald Cried,2946
The Stakelander,2947
Sufat Chol,2948
Wolves,2949
Their Finest,2950
The Ottoman Lieutenant,2951
Lady Macbeth,2952
The Sense of an Ending,2953
Personal Shopper,2954
Window Horses,2955
River,2956
深夜食堂,2957
4.1 Miles,2958
The Rolling Stones - Havana Moon,2959
Carrie Pilby,2960
I nöd eller lust,2961
The Institute,2962
Internet - O Filme,2963
Prooi,2964
The Assignment,2965
Fallen,2966
Os Homens São de Marte... E é pra Lá que Eu Vou!,2967
Loucas pra Casar,2968
The Shack,2969
Life,2970
Don't Kill It,2971
Kaabil,2972
The Raking,2973
The Lost City of Z,2974
Sleight,2975
Triumph’s Election Special 2016,2976
Kurt Braunohler: Trust Me,2977
Demain tout commence,2978
Buster's Mal Heart,2979
2 Lava 2 Lantula!,2980
Ghosts of Darkness,2981
世界から猫が消えたなら,2982
Power Rangers,2983
Alien: Covenant,2984
Free Fire,2985
The Other Half,2986
Casting JonBenet,2987
계춘할망,2988
The Vessel,2989
Amy Schumer: The Leather Special,2990
Saattokeikka,2991
Синдром Петрушки,2992
リトルウィッチアカデミア 魔法仕掛けのパレード,2993
Wilde Maus,2994
The Avenue,2995
Arsenal,2996
A Date for Mad Mary,2997
Zona hostil,2998
Hüter meines Bruders,2999
Born in China,3000
Ein Atem,3001
Trevor Noah: Afraid of the Dark,3002
Ali and Nino,3003
Paris pieds nus,3004
Dave Chappelle: The Age of Spin,3005
Sameblod,3006
The Evil Within,3007
Secreto Matusita,3008
The Last Word,3009
CHiPS,3010
Table 19,3011
Going in Style,3012
All Nighter,3013
The Most Hated Woman in America,3014
ஓ காதல் கண்மணி,3015
Bitter Harvest,3016
Esteros,3017
Novatos,3018
A cambio de nada,3019
Vulcania,3020
Aurélie Laflamme: Les pieds sur terre,3021
Les êtres chers,3022
판도라,3023
Smurfs: The Lost Village,3024
The Discovery,3025
Viceroy's House,3026
嫌疑人X的献身,3027
The Zookeeper's Wife,3028
Female Fight Club,3029
Ithaca,3030
Lone Wolves,3031
Eloise,3032
Gifted,3033
Ataúd blanco: El juego diabólico,3034
Teen Titans: The Judas Contract,3035
Louis C.K. 2017,3036
24,3037
Cantábrico: Los dominios del oso pardo,3038
Aftermath,3039
Dræberne fra Nibe,3040
The Secret Scripture,3041
The Bigfoot Project,3042
The Case for Christ,3043
Spark: A Space Tail,3044
"Everything, Everything",3045
Félicité,3046
Wir sind die Flut,3047
Танцы насмерть,3048
Время первых,3049
少女,3050
Baywatch,3051
Unforgettable,3052
Snatched,3053
The Mummy,3054
From a House on Willow Street,3055
1:54,3056
The Sweet Life,3057
Secuestro,3058
The Fate of the Furious,3059
Cézanne et moi,3060
Teleios,3061
Sandy Wexler,3062
Extortion,3063
Betting on Zero,3064
"Sweet, Sweet Lonely Girl",3065
The Rift,3066
Another Evil,3067
Captain Underpants: The First Epic Movie,3068
Band Aid,3069
It Comes at Night,3070
Megan Leavey,3071
Cars 3,3072
バイオハザード ヴェンデッタ,3073
Mad Families,3074
Boyka: Undisputed IV,3075
The Marine 5: Battleground,3076
The Covenant,3077
Rufus,3078
Rufus 2,3079
The Book of Henry,3080
Planet Earth II,3081
この世界の片隅に,3082
The Hero,3083
Paris-Willouby,3084
The Wall,3085
Only For One Night,3086
Phoenix Forgotten,3087
Pieles,3088
The Immortal Life of Henrietta Lacks,3089
The Irresistible Blueberry Farm,3090
Handsome Devil,3091
Lowriders,3092
Die Hölle – Inferno,3093
The Dark Tapes,3094
Mythica: The Godslayer,3095
Beyond Skyline,3096
Punching Henry,3097
Isolation,3098
Sam Was Here,3099
How to Be a Latin Lover,3100
The Trip to Spain,3101
Lucas Brothers: On Drugs,3102
Tramps,3103
Sand Castle,3104
Slam - Tutto per una ragazza,3105
Mifune: The Last Samurai,3106
Cold Harbour,3107
Moontrap: Target Earth,3108
Lil Rel: RELevent,3109
"Orson Welles, autopsie d'une légende",3110
海難1890,3111
Débarquement immédiat!,3112
A Dark Song,3113
조작된 도시,3114
밀정,3115
Ёлки 5,3116
Unlocked,3117
Voice from the Stone,3118
Small Crimes,3119
Na mlečnom putu,3120
Бармен,3121
Суперплохие,3122
Bottom of the World,3123
Stratton,3124
O Ornitólogo,3125
The Lovers,3126
Baahubali 2: The Conclusion,3127
Binky Nelson Unpacified,3128
La mort de Louis XIV,3129
Amityville: The Awakening,3130
The Beguiled,3131
Baby Driver,3132
Okja,3133
Asylum of Darkness,3134
We Go On,3135
Lady Bloodfight,3136
Caedes,3137
Daemonium : Soldado del Inframundo,3138
Harry Price: Ghost Hunter,3139
Techo y comida,3140
Rough Night,3141
Proyecto Lázaro,3142
Baisers Cachés,3143
Mindhorn,3144
Oasis,3145
Generation Iron 2,3146
The Shadow Effect,3147
Commando 2: The Black Money Trail,3148
The Answer,3149
Hounds of Love,3150
Monster High: Electrified,3151
"Monster High: Boo York, Boo York",3152
Monster High: Welcome to Monster High,3153
Monster High: Haunted,3154
Dans les forêts de Sibérie,3155
23 Blast,3156
Нелюбовь,3157
Vor der Morgenröte,3158
Wołyń,3159
Journey Back to Christmas,3160
Batman & Bill,3161
A Billion Lives,3162
Подарок с характером,3163
The Comedian,3164
Monolith,3165
After the Reality,3166
Dusk,3167
The Axe Murders of Villisca,3168
Петербург. Только по любви,3169
Пионеры-герои,3170
Wingman Inc.,3171
Laid in America,3172
Permission,3173
The Hunter's Prayer,3174
Legok na Pomine,3175
The Black Room,3176
AfterDeath,3177
Boone: The Bounty Hunter,3178
Despicable Me 3,3179
Karbala,3180
Bachelor Games,3181
Rock Dog,3182
The Levelling,3183
Tracktown,3184
リトル・フォレスト 夏・秋,3185
The Dovekeepers,3186
Tickling Giants,3187
Dead Awake,3188
A Family Man,3189
Paris Can Wait,3190
The Wizard of Lies,3191
ブラム,3192
Kill 'em All,3193
Kill Switch,3194
The Bad Batch,3195
Voir du pays,3196
War for the Planet of the Apes,3197
Sophie and the Rising Sun,3198
Kidnap,3199
Appetites,3200
Rosa Chumbe,3201
Apprentice,3202
War Machine,3203
Hangar 10,3204
Vir Das: Abroad Understanding,3205
Wakefield,3206
Red Nose Day Actually,3207
Valerian and the City of a Thousand Planets,3208
Long Strange Trip,3209
The Mars Generation,3210
The Northlander,3211
Loev,3212
The Pass,3213
Texas Rising,3214
Jeremiah Tower: The Last Magnificent,3215
Les Yeux jaunes des crocodiles,3216
Kalo Pothi,3217
Sarah Silverman: A Speck of Dust,3218
Taekwondo,3219
La Fille du patron,3220
Negociador,3221
Breakdown Lane,3222
Rock'n Roll,3223
Black Butterfly,3224
I Am Jane Doe,3225
Dumb: The Story of Big Brother Magazine,3226
Das Versprechen,3227
The Farthest,3228
A Stork's Journey,3229
Nunca vas a estar solo,3230
The Journey,3231
La Danseuse,3232
Brain on Fire,3233
루시드 드림,3234
Drone,3235
Amor.com,3236
That Thing Called Tadhana,3237
AWOL,3238
非凡任务,3239
Die Mitte der Welt,3240
Ernelláék Farkaséknál,3241
What Happened to Monday,3242
東京喰種 トーキョーグール,3243
Testről és lélekről,3244
Atomic Blonde,3245
God Of War,3246
Aaron's Blood,3247
재심,3248
The Exception,3249
Patchwork,3250
Goon: Last of the Enforcers,3251
Fotograf,3252
Dunkirk,3253
பைரவா,3254
Once Upon a Time in Venice,3255
Resurrecting Hassan,3256
An Inconvenient Sequel: Truth to Power,3257
Rakka,3258
Jawbone,3259
The Invoking 2,3260
American Wrestler: The Wizard,3261
Altitude,3262
The Dark Below,3263
Unedited Footage of a Bear,3264
This House Has People in It,3265
Cream,3266
Órbita 9,3267
遊☆戯☆王 THE DARK SIDE OF DIMENSIONS,3268
Havenhurst,3269
Disturbing the Peace,3270
Abacus: Small Enough to Jail,3271
Transformers: The Last Knight,3272
Ёлки 1914,3273
Becoming Cary Grant,3274
Churchill,3275
Cave,3276
Tubelight,3277
Hampstead,3278
Votez Bougon,3279
Curtain,3280
1 Night,3281
"Oh, Hello: On Broadway",3282
Savageland,3283
Ava,3284
Bad Ben,3285
Good Time,3286
Eat Local,3287
Sicarivs: La noche y el silencio,3288
கவண்,3289
Meet Me in Venice,3290
Five Came Back,3291
Legion of Brothers,3292
攻殻機動隊ＡＲＩＳＥ PYROPHORIC CULT,3293
Estiu 1993,3294
12 Feet Deep,3295
Mãe Só Há Uma,3296
Chuck,3297
Un sac de billes,3298
Addicted to Porn: Chasing the Cardboard Butterfly,3299
Fai bei sogni,3300
Firebase,3301
Starving in Suburbia,3302
Operações Especiais,3303
Chasing Coral,3304
This Is Everything: Gigi Gorgeous,3305
78/52,3306
What the Health,3307
"Hailey Dean Mystery: Murder, With Love",3308
Revolt,3309
Do You Take This Man,3310
The Dark Tower,3311
Honeytrap,3312
"En mai, fais ce qu'il te plaît",3313
ماجرای نیمروز,3314
Chokeslam,3315
Speech & Debate,3316
Independents' Day,3317
Tour de Pharmacy,3318
Dirty Dancing,3319
Devil's Gate,3320
Obit,3321
La fille de Brest,3322
The Emoji Movie,3323
Bedeviled,3324
Wind River,3325
Rory Scovel Tries Stand-Up for the First Time,3326
Shot Caller,3327
Mike Birbiglia: Thank God for Jokes,3328
3 बजे,3329
S.W.A.T.: Under Siege,3330
"Ja, Ik Wil!",3331
Tonight She Comes,3332
Drone Wars,3333
Avant les rues,3334
Wish Upon,3335
Blood Hunters,3336
Rick and Morty: State of Georgia Vs. Denver Fenton Allen,3337
Fittest On Earth: A Decade Of Fitness,3338
Feed,3339
The Girl from the Song,3340
Sahara,3341
Geronimo,3342
First Kill,3343
LA 92,3344
Descendants 2,3345
Nude Area,3346
Sztuka kochania. Historia Michaliny Wisłockiej,3347
Siv sover vilse,3348
El olivo,3349
American Violence,3350
Les Visiteurs: La Révolution,3351
LEGO DC Super Hero Girls: Brain Drain,3352
फिल्लौरी,3353
Vladeniye 18,3354
It Stains the Sands Red,3355
Lauri Mäntyvaaran tuuheet ripset,3356
Все и сразу,3357
Cop and a Half: New Recruit,3358
Maa,3359
And Then There Were None,3360
Avalanche Sharks,3361
